Suite/Test/Step Name,Browser,Description,Tag,Start time,End time,Duration,Status
Login,Firefox 129.0,,,02-09-2024 19:34:25,02-09-2024 19:36:26,2m - 1.476s,FAILED
,,,,,,,
Test Cases/HDI/TC_001_InvalidUsernameandPassword,Firefox 129.0,,,02-09-2024 19:34:26,02-09-2024 19:35:04,38.693s,PASSED
Start listener action : sampleBeforeTestCase,Firefox 129.0,,,02-09-2024 19:34:26,02-09-2024 19:34:26,0.079s,PASSED
"openBrowser(""https://www.hdistore.com/"")",Firefox 129.0,,,02-09-2024 19:34:26,02-09-2024 19:34:51,24.519s,PASSED
maximizeWindow(),Firefox 129.0,,,02-09-2024 19:34:51,02-09-2024 19:34:52,0.650s,PASSED
"click(findTestObject(""Object Repository/HDI/Header/loginButton""))",Firefox 129.0,,,02-09-2024 19:34:52,02-09-2024 19:34:55,3.345s,PASSED
"setText(findTestObject(""Object Repository/HDI/LoginForm/usernameEditText""), ""dhajdasj"")",Firefox 129.0,,,02-09-2024 19:34:55,02-09-2024 19:34:56,1.265s,PASSED
"setEncryptedText(findTestObject(""Object Repository/HDI/LoginForm/passwordEditText""), ""aeHFOx8jV/A="")",Firefox 129.0,,,02-09-2024 19:34:56,02-09-2024 19:34:58,1.327s,PASSED
"click(findTestObject(""Object Repository/HDI/LoginForm/loginButton""))",Firefox 129.0,,,02-09-2024 19:34:58,02-09-2024 19:34:59,1.213s,PASSED
"verifyElementText(findTestObject(""Object Repository/HDI/LoginForm/loginErrorMessage""), ""Your Enterpriser ID or Password is incorrect (2)."")",Firefox 129.0,,,02-09-2024 19:34:59,02-09-2024 19:35:01,2.245s,PASSED
closeBrowser(),Firefox 129.0,,,02-09-2024 19:35:01,02-09-2024 19:35:04,3.433s,PASSED
Start listener action : sampleAfterTestCase,Firefox 129.0,,,02-09-2024 19:35:04,02-09-2024 19:35:04,0.019s,PASSED
,,,,,,,
Test Cases/Soucedemo2/TC051_login_invalidUsernameandPassword,Firefox 129.0,,,02-09-2024 19:35:04,02-09-2024 19:36:26,1m - 21.904s,FAILED
Start listener action : sampleBeforeTestCase,Firefox 129.0,,,02-09-2024 19:35:05,02-09-2024 19:35:05,0.027s,PASSED
"openBrowser(""https://www.saucedemo.com/"")",Firefox 129.0,,,02-09-2024 19:35:05,02-09-2024 19:35:19,14.143s,PASSED
maximizeWindow(),Firefox 129.0,,,02-09-2024 19:35:19,02-09-2024 19:35:20,0.560s,PASSED
"for ([rowNum = 2, rowNum <= 3, (rowNum++)])",Firefox 129.0,,,02-09-2024 19:35:20,02-09-2024 19:36:26,1m - 6.689s,FAILED
Start listener action : sampleAfterTestCase,Firefox 129.0,,,02-09-2024 19:36:26,02-09-2024 19:36:26,0.008s,PASSED
